rank	yeast_gene	ensemble_score
1	YNL288W	0.050754867
2	YPL045W	0.047601283
3	YCR077C	0.045723186
4	YDL190C	0.045445914
5	YMR302C	0.045095569
6	YML102W	0.044596513
7	YJL210W	0.044232374
8	YJL030W	0.042786536
9	YDR335W	0.040122274
10	YKL025C	0.039892113
11	YKL205W	0.039628012
12	YHL006C	0.038861132
13	YLR384C	0.038448110
14	YMR026C	0.037878736
15	YBL078C	0.036327155
16	YGL070C	0.035620018
17	YIL128W	0.033573333
18	YJR084W	0.033278483
19	YKR057W	0.032869351
20	YOL013C	0.032349327
21	YFL007W	0.030583855
22	YMR116C	0.030345472
23	YJR091C	0.029514880
24	YJR052W	0.029353200
25	YPL213W	0.029161117
26	YLR234W	0.028371381
27	YBR097W	0.028321146
28	YBL051C	0.028098679
29	YPL065W	0.027743738
30	YBR289W	0.027329300
31	YLR319C	0.026729287
32	YPR042C	0.026679487
33	YJR066W	0.026553285
34	YLR148W	0.026380825
35	YOR298C-A	0.026291963
36	YPL002C	0.025694829
37	YOR014W	0.025506560
38	YOR162C	0.024354264
39	YLR381W	0.024294937
40	YHR077C	0.024156757
41	YPL125W	0.022961121
42	YHR200W	0.022408200
43	YER179W	0.021945050
44	YOR172W	0.021601818
45	YNL209W	0.021221931
46	YGL016W	0.020863132
47	YHR193C	0.020697446
48	YGL060W	0.020592508
49	YBL079W	0.020404369
50	YGL211W	0.020378074
51	YMR186W	0.020304509
52	YJR014W	0.019825368
53	YNL236W	0.019772812
54	YDR395W	0.019604074
55	YKL009W	0.019266272
56	YOL145C	0.018946012
57	YLR048W	0.018695290
58	YNL138W	0.017855553
59	YMR258C	0.017797676
60	YLR258W	0.017649616
61	YPL149W	0.017375950
62	YOR185C	0.017112652
63	YAL009W	0.017022949
64	YGR157W	0.016723923
65	YDR265W	0.016464713
66	YBR201W	0.016410578
67	YLR074C	0.016358402
68	YHR041C	0.016139505
69	YMR231W	0.016123168
70	YKL212W	0.015959005
71	YDR306C	0.015910684
72	YML103C	0.015777820
73	YBL003C	0.015743712
74	YOL051W	0.015661904
75	YDR244W	0.015488159
76	YEL037C	0.015417531
77	YDR255C	0.014988354
78	YGR173W	0.014871145
79	YHR192W	0.014427896
80	YKL057C	0.014247713
81	YIL133C	0.013536844
82	YER105C	0.013536023
83	YMR247C	0.013429067
84	YJL204C	0.013335330
85	YOL004W	0.013316237
86	YLR325C	0.013125677
87	YNL059C	0.013105520
88	YKL010C	0.012999626
89	YGR070W	0.012925625
90	YOL087C	0.012874329
91	YDR139C	0.012766947
92	YBL002W	0.012759835
93	YEL066W	0.012535506
94	YKL190W	0.012503990
95	YKL067W	0.012277237
96	YJL036W	0.012005692
97	YLR418C	0.011930375
98	YJR102C	0.011694327
99	YDR006C	0.011612826
100	YGL043W	0.011493511
101	YIL030C	0.011365061
102	YHR108W	0.011334529
103	YMR274C	0.011282132
104	YJR031C	0.011035595
105	YML124C	0.010803852
106	YDR073W	0.010793707
107	YGR233C	0.010736468
108	YHR187W	0.010648262
109	YJR082C	0.010549687
110	YAL002W	0.010412169
111	YGL058W	0.010386494
112	YGR184C	0.010328738
113	YAR003W	0.010028702
114	YDR176W	0.010027867
115	YLR180W	0.010000399
116	YPR155C	0.009885426
117	YOR091W	0.009884810
118	YKL002W	0.009883460
119	YDR155C	0.009881898
120	YER111C	0.009787735
121	YJR140C	0.009643139
122	YNL273W	0.009583587
123	YGL078C	0.009480837
124	YKL032C	0.009464074
125	YPL184C	0.009381037
126	YAL051W	0.009101656
127	YDR358W	0.009073197
128	YOL086W-A	0.008991333
129	YDR488C	0.008955216
130	YPL203W	0.008660715
131	YIL132C	0.008512017
132	YNL008C	0.008405917
133	YCR106W	0.008354178
134	YGL110C	0.008310442
135	YHR171W	0.008301389
136	YDL091C	0.008293968
137	YGR097W	0.008141556
138	YAL053W	0.008053243
139	YER110C	0.007977043
140	YMR012W	0.007945855
141	YBL021C	0.007909800
142	YKR059W	0.007785619
143	YER177W	0.007764353
144	YMR275C	0.007721277
145	YCR087C-A	0.007697840
146	YLR018C	0.007657117
147	YKL086W	0.007655077
148	YGL029W	0.007654795
149	YDR121W	0.007505975
150	YMR294W	0.007317812
151	YMR312W	0.007182912
152	YBR212W	0.006925447
153	YPL254W	0.006861546
154	YER002W	0.006826537
155	YDL056W	0.006786422
156	YFL052W	0.006752824
157	YGL086W	0.006659467
158	YGL241W	0.006641107
159	YHR066W	0.006523246
160	YOR038C	0.006497121
161	YBR089C-A	0.006460712
162	YDR496C	0.006411731
163	YML121W	0.006403966
164	YDL077C	0.006395976
165	YBL024W	0.006370157
166	YGR003W	0.006285508
167	YIL040W	0.006193935
168	YIL153W	0.006189953
169	YHR206W	0.006170088
170	YKL166C	0.006139318
171	YLL054C	0.006086231
172	YPR185W	0.005914468
173	YDR080W	0.005855066
174	YDL113C	0.005790790
175	YIL038C	0.005653610
176	YLR097C	0.005637062
177	YKL038W	0.005627568
178	YBR175W	0.005620811
179	YML082W	0.005597599
180	YDR131C	0.005527269
181	YDL005C	0.005503384
182	YMR070W	0.005501979
183	YPL127C	0.005491435
184	YLR176C	0.005488407
185	YLR256W	0.005476919
186	YPR189W	0.005424991
187	YKR082W	0.005424700
188	YGL151W	0.005371316
189	YOR363C	0.005331745
190	YLL013C	0.005303594
191	YDL051W	0.005303039
192	YPL100W	0.005295707
193	YMR276W	0.005284770
194	YIL073C	0.005109160
195	YLR423C	0.005077566
196	YBR057C	0.004984644
197	YPL084W	0.004977144
198	YKL160W	0.004902178
199	YBL005W	0.004771581
200	YOR027W	0.004769583
201	YLR039C	0.004737977
202	YBR010W	0.004680213
203	YDR392W	0.004653974
204	YLR266C	0.004614166
205	YDL213C	0.004557226
206	YMR209C	0.004517869
207	YMR119W	0.004502658
208	YPR135W	0.004472603
209	YGL094C	0.004455777
210	YER174C	0.004396639
211	YGL013C	0.004365141
212	YDL236W	0.004350813
213	YER120W	0.004339172
214	YGL220W	0.004331342
215	YDR059C	0.004311136
216	YNL201C	0.004293921
217	YLR352W	0.004237339
218	YKL041W	0.004169591
219	YJR096W	0.004094738
220	YPR022C	0.004091582
221	YML088W	0.004089415
222	YMR164C	0.004036140
223	YGR249W	0.003936313
224	YDR005C	0.003929022
225	YMR055C	0.003855705
226	YDR312W	0.003790532
227	YGL195W	0.003740356
228	YDR206W	0.003731904
229	YJL149W	0.003729536
230	YML013W	0.003702109
231	YBR082C	0.003690625
232	YDL135C	0.003685702
233	YPL120W	0.003663402
234	YAL044W-A	0.003645856
235	YNL248C	0.003645824
236	YAL021C	0.003644984
237	YBL010C	0.003573649
238	YGL141W	0.003496931
239	YOL111C	0.003443611
240	YNR063W	0.003438096
241	YPL031C	0.003422202
242	YBR272C	0.003383863
243	YDR158W	0.003286875
244	YOR269W	0.003266276
245	YGR208W	0.003231662
246	YGR209C	0.003217418
247	YOL012C	0.003189527
248	YKR036C	0.003183987
249	YOR354C	0.003173950
250	YEL015W	0.003141829
251	YKL054C	0.003107383
252	YLR043C	0.003056240
253	YJL153C	0.003055308
254	YIL042C	0.003052566
255	YGL125W	0.003046306
256	YNL307C	0.003021359
257	YMR019W	0.003015222
258	YHL010C	0.002997270
259	YGR021W	0.002988455
260	YDL074C	0.002981871
261	YJL058C	0.002978300
262	YOR112W	0.002977812
263	YDR259C	0.002878573
264	YFR040W	0.002814201
265	YJL176C	0.002773372
266	YGL246C	0.002763367
267	YNR023W	0.002761994
268	YGL014W	0.002759441
269	YBR009C	0.002758797
270	YKL068W	0.002725134
271	YGR200C	0.002679727
272	YMR106C	0.002664901
273	YIL072W	0.002609155
274	YLR288C	0.002608250
275	YJL049W	0.002604920
276	YGR180C	0.002599660
277	YGL062W	0.002578070
278	YIL056W	0.002548828
279	YKL213C	0.002537008
280	YKL020C	0.002512358
281	YLR429W	0.002509981
282	YLR425W	0.002496386
283	YLR403W	0.002485626
284	YOL089C	0.002481099
285	YGL127C	0.002473908
286	YDL106C	0.002459212
287	YML097C	0.002457636
288	YGL232W	0.002457587
289	YBR195C	0.002449746
290	YKR064W	0.002445775
291	YMR284W	0.002444322
292	YLR417W	0.002437359
293	YPR052C	0.002382472
294	YIR033W	0.002379972
295	YPR125W	0.002369996
296	YOR156C	0.002361404
297	YNL278W	0.002348142
298	YPL001W	0.002291055
299	YKR095W	0.002276888
300	YOR295W	0.002220484
301	YER016W	0.002203635
302	YDR117C	0.002194026
303	YBL066C	0.002181598
304	YLR320W	0.002174474
305	YBR297W	0.002171561
306	YML076C	0.002152661
307	YLR228C	0.002135321
308	YPL241C	0.002129206
309	YDR495C	0.002125553
310	YLR427W	0.002121353
311	YML111W	0.002093537
312	YCR086W	0.002092522
313	YIL084C	0.002069722
314	YLR309C	0.001989411
315	YER184C	0.001974647
316	YMR025W	0.001949386
317	YMR264W	0.001939461
318	YGR067C	0.001911125
319	YFL013C	0.001899397
320	YKL110C	0.001895133
321	YBR065C	0.001894653
322	YDR096W	0.001889197
323	YMR078C	0.001878439
324	YPL212C	0.001878163
325	YPL024W	0.001875001
326	YDR137W	0.001872045
327	YGR109C	0.001847596
328	YPL018W	0.001846096
329	YIL119C	0.001842087
330	YDL134C	0.001829870
331	YJR021C	0.001825805
332	YKR023W	0.001814622
333	YGL229C	0.001800661
334	YLR095C	0.001793944
335	YLR216C	0.001773321
336	YMR067C	0.001759071
337	YBR111W-A	0.001758223
338	YNL167C	0.001679713
339	YHL022C	0.001670065
340	YMR172W	0.001665491
341	YBR150C	0.001662219
342	YGR232W	0.001643675
343	YML095C	0.001630546
344	YDR266C	0.001630532
345	YLR394W	0.001627431
346	YNL025C	0.001620960
347	YDR364C	0.001612162
348	YDR443C	0.001573827
349	YNL250W	0.001569545
350	YDL088C	0.001553202
351	YAL046C	0.001524698
352	YNL119W	0.001523965
353	YLR262C	0.001522803
354	YJR135C	0.001515710
355	YKR048C	0.001504567
356	YBR279W	0.001497393
357	YMR127C	0.001479815
358	YLR150W	0.001472351
359	YMR037C	0.001463610
360	YOL041C	0.001463529
361	YIL149C	0.001456055
362	YGR080W	0.001444607
363	YOR191W	0.001427332
364	YHR081W	0.001405482
365	YGL173C	0.001385861
366	YNL241C	0.001378970
367	YOR023C	0.001371101
368	YPR007C	0.001340251
369	YGL240W	0.001339479
370	YDR192C	0.001338685
371	YDR295C	0.001318602
372	YDR098C	0.001312335
373	YPL253C	0.001300701
374	YOR039W	0.001292141
375	YBR275C	0.001266279
376	YBR239C	0.001230853
377	YKL090W	0.001228338
378	YKL206C	0.001196353
379	YDR030C	0.001144295
380	YGL133W	0.001139017
381	YKL114C	0.001116206
382	YHL034C	0.001115094
383	YMR223W	0.001105924
384	YPL138C	0.001105772
385	YLR453C	0.001083473
386	YOR195W	0.001082370
387	YPR030W	0.001079927
388	YER063W	0.001072769
389	YLR342W	0.001057419
390	YNL107W	0.001051368
391	YLR024C	0.001050317
392	YPL139C	0.001046779
393	YHR034C	0.001035889
394	YDR285W	0.001011523
395	YGL003C	0.001001632
396	YIL017C	0.000982260
397	YJL164C	0.000979799
398	YDR314C	0.000956755
399	YLR270W	0.000951877
400	YLR192C	0.000950808
401	YPL038W	0.000926577
402	YCR028C-A	0.000848475
403	YJL048C	0.000845342
404	YGL071W	0.000844510
405	YLR199C	0.000842145
406	YGR225W	0.000834254
407	YDR330W	0.000831337
408	YBL047C	0.000811612
409	YGL033W	0.000802488
410	YFR019W	0.000802046
411	YDR075W	0.000792463
412	YOR140W	0.000790794
413	YMR074C	0.000772647
414	YDR320C	0.000768128
415	YPL256C	0.000765343
416	YLR025W	0.000760823
417	YGR122W	0.000748637
418	YNR010W	0.000733871
419	YOR173W	0.000733724
420	YPL165C	0.000731052
421	YLR265C	0.000726257
422	YJL110C	0.000718439
423	YLR226W	0.000705764
424	YDR069C	0.000704095
425	YER031C	0.000690964
426	YPR065W	0.000672446
427	YML029W	0.000669046
428	YER007C-A	0.000650884
429	YJL103C	0.000645046
430	YGL253W	0.000633566
431	YDR279W	0.000609554
432	YML041C	0.000594393
433	YDR049W	0.000569227
434	YOL116W	0.000552278
435	YBR217W	0.000538715
436	YBR233W	0.000535972
437	YER151C	0.000500297
438	YBL063W	0.000498633
439	YJL013C	0.000497667
440	YKR060W	0.000490660
441	YLR085C	0.000483131
442	YBR278W	0.000475592
443	YJR069C	0.000465999
444	YBR218C	0.000451131
445	YOR243C	0.000446101
446	YFR010W	0.000443200
447	YBR095C	0.000424117
448	YER162C	0.000408471
449	YDR482C	0.000392485
450	YNL199C	0.000368193
451	YLR263W	0.000366212
452	YFR001W	0.000358182
453	YAL040C	0.000354122
454	YNL230C	0.000353889
455	YIR023W	0.000350305
456	YPL047W	0.000350155
457	YKR054C	0.000336136
458	YBL039C	0.000326230
459	YER088C	0.000324382
460	YCL010C	0.000321898
461	YHL009C	0.000321642
462	YFL044C	0.000318115
463	YDL070W	0.000314096
464	YNL016W	0.000306753
465	YOR368W	0.000299656
466	YOL093W	0.000292996
467	YEL061C	0.000284217
468	YIL101C	0.000262923
469	YPR046W	0.000259770
470	YPR018W	0.000247555
471	YLR435W	0.000238945
472	YAL013W	0.000223251
473	YGL004C	0.000216265
474	YFL049W	0.000213572
475	YDR293C	0.000204519
476	YJR099W	0.000194821
477	YCR033W	0.000193308
478	YPL022W	0.000183025
479	YBR165W	0.000178022
480	YHL020C	0.000177170
481	YLR315W	0.000175810
482	YDL197C	0.000174729
483	YFR013W	0.000163574
484	YMR075W	0.000148407
485	YNL311C	0.000140173
486	YPL066W	0.000136604
487	YOR106W	0.000130616
488	YLR431C	0.000111927
489	YIL036W	0.000102662
490	YBR103W	0.000090278
491	YGR288W	0.000090100
492	YKR034W	0.000086445
493	YGL254W	0.000082689
494	YGL213C	0.000080522
495	YML081W	0.000062229
496	YDR163W	0.000053817
497	YJL141C	0.000037061
498	YDR254W	0.000027471
499	YCR066W	0.000020009
500	YDR159W	0.000012558
501	YMR199W	0.000003728
502	YMR233W	-0.000006912
503	YDR513W	-0.000007691
504	YPR070W	-0.000011632
505	YKL029C	-0.000013458
506	YLR377C	-0.000028245
507	YDR213W	-0.000033959
508	YOR230W	-0.000037388
509	YOL108C	-0.000040392
510	YOL082W	-0.000041389
511	YNL147W	-0.000043601
512	YLR421C	-0.000047280
513	YOR209C	-0.000053555
514	YCR092C	-0.000069182
515	YML007W	-0.000073975
516	YER045C	-0.000075614
517	YDR409W	-0.000079064
518	YJL089W	-0.000084817
519	YOR144C	-0.000101229
520	YPL273W	-0.000120654
521	YDR179C	-0.000121169
522	YPR141C	-0.000126692
523	YER028C	-0.000133044
524	YCR020C-A	-0.000137035
525	YGR072W	-0.000137186
526	YDR310C	-0.000143016
527	YMR136W	-0.000143270
528	YBL007C	-0.000155699
529	YLR335W	-0.000186020
530	YCR016W	-0.000191838
531	YNR007C	-0.000194100
532	YNL253W	-0.000201184
533	YMR014W	-0.000206458
534	YKL005C	-0.000228652
535	YOR124C	-0.000239059
536	YMR048W	-0.000244630
537	YOR229W	-0.000245474
538	YDR363W-A	-0.000247196
539	YMR182C	-0.000250047
540	YOR028C	-0.000263634
541	YPL121C	-0.000272859
542	YLR035C	-0.000276728
543	YBL055C	-0.000279912
544	YBR182C	-0.000281461
545	YJR043C	-0.000283549
546	YMR179W	-0.000286284
547	YBL054W	-0.000289823
548	YIR018W	-0.000298638
549	YNL068C	-0.000299787
550	YER040W	-0.000309003
551	YNR009W	-0.000314327
552	YGR081C	-0.000314399
553	YMR315W	-0.000314402
554	YLL042C	-0.000316254
555	YDR066C	-0.000316324
556	YMR133W	-0.000320125
557	YHR152W	-0.000321563
558	YNL022C	-0.000368373
559	YLR019W	-0.000369497
560	YGR056W	-0.000378822
561	YDR022C	-0.000385297
562	YNL218W	-0.000390763
563	YOL028C	-0.000391363
564	YBL088C	-0.000397558
565	YMR246W	-0.000403019
566	YOR058C	-0.000420980
567	YMR036C	-0.000436461
568	YDL170W	-0.000436675
569	YPR199C	-0.000455765
570	YJL105W	-0.000459058
571	YLR376C	-0.000460584
572	YGR104C	-0.000464286
573	YER075C	-0.000469245
574	YPL101W	-0.000469314
575	YDR076W	-0.000473300
576	YGL090W	-0.000475734
577	YKL127W	-0.000480890
578	YNR006W	-0.000483074
579	YNL049C	-0.000486286
580	YGL035C	-0.000492654
581	YER130C	-0.000493814
582	YPR164W	-0.000504092
583	YMR293C	-0.000510029
584	YEL009C	-0.000520713
585	YBR112C	-0.000532350
586	YBR231C	-0.000539095
587	YML032C	-0.000539588
588	YOR113W	-0.000541475
589	YPL230W	-0.000542138
590	YNL023C	-0.000558825
591	YDR273W	-0.000566375
592	YAR002W	-0.000568763
593	YNL239W	-0.000570187
594	YNL314W	-0.000574983
595	YKL074C	-0.000576561
596	YPL008W	-0.000601314
597	YDL002C	-0.000611473
598	YPL089C	-0.000621736
599	YNR024W	-0.000626468
600	YMR153W	-0.000628846
601	YER139C	-0.000631265
602	YOR032C	-0.000640935
603	YKR029C	-0.000649750
604	YDR253C	-0.000651619
605	YIL122W	-0.000662472
606	YDR469W	-0.000667413
607	YBL080C	-0.000667568
608	YHR156C	-0.000672161
609	YLR013W	-0.000678007
610	YBL009W	-0.000680290
611	YDR120C	-0.000685286
612	YLR364W	-0.000687248
613	YOR005C	-0.000691448
614	YNL116W	-0.000694578
615	YBR098W	-0.000699910
616	YBL103C	-0.000701569
617	YMR072W	-0.000702463
618	YGL162W	-0.000707993
619	YPR171W	-0.000708147
620	YDR146C	-0.000719477
621	YOR346W	-0.000730093
622	YMR016C	-0.000732292
623	YLR363C	-0.000737100
624	YJR127C	-0.000745961
625	YNL206C	-0.000749188
626	YDR174W	-0.000752152
627	YDR419W	-0.000797971
628	YKR091W	-0.000800263
629	YIL010W	-0.000811010
630	YOR076C	-0.000825285
631	YNL242W	-0.000830923
632	YLR135W	-0.000832797
633	YDR318W	-0.000833805
634	YGR135W	-0.000838521
635	YKL109W	-0.000850747
636	YDR485C	-0.000853269
637	YBR215W	-0.000866598
638	YIR001C	-0.000877189
639	YPL144W	-0.000879099
640	YDL154W	-0.000882273
641	YKL185W	-0.000884669
642	YIR013C	-0.000892326
643	YNR074C	-0.000899085
644	YDR451C	-0.000899283
645	YMR137C	-0.000905838
646	YOR078W	-0.000908680
647	YER173W	-0.000910626
648	YOR251C	-0.000911572
649	YGL066W	-0.000912460
650	YLR401C	-0.000915000
651	YGR129W	-0.000918660
652	YLR387C	-0.000920210
653	YKL149C	-0.000939224
654	YCR014C	-0.000941629
655	YDR169C	-0.000948132
656	YBR058C	-0.000955789
657	YOR101W	-0.000966959
658	YML070W	-0.000966972
659	YGL174W	-0.000967619
660	YJR030C	-0.000976368
661	YDR378C	-0.000977640
662	YML027W	-0.000981326
663	YJL056C	-0.000985397
664	YBR141C	-0.000993251
665	YPR023C	-0.000999858
666	YFR030W	-0.001003668
667	YMR159C	-0.001008388
668	YFL036W	-0.001015246
669	YLR107W	-0.001032097
670	YDR151C	-0.001041245
671	YGR071C	-0.001044346
672	YGL168W	-0.001046389
673	YPR015C	-0.001048414
674	YGL096W	-0.001058205
675	YGL037C	-0.001058328
676	YDR289C	-0.001059678
677	YLR015W	-0.001063926
678	YKR010C	-0.001064010
679	YDR323C	-0.001070052
680	YLR247C	-0.001075623
681	YNR032W	-0.001077763
682	YGL131C	-0.001080841
683	YDR363W	-0.001082418
684	YBL008W	-0.001084322
685	YMR234W	-0.001084813
686	YJR110W	-0.001099598
687	YMR105C	-0.001101776
688	YCL061C	-0.001106363
689	YNL215W	-0.001122180
690	YNL210W	-0.001122854
691	YJR060W	-0.001123736
692	YDL020C	-0.001128861
693	YKL011C	-0.001129872
694	YPL155C	-0.001130362
695	YPL181W	-0.001131602
696	YDL059C	-0.001132642
697	YOR033C	-0.001134648
698	YPL064C	-0.001146734
699	YLR142W	-0.001148231
700	YOL081W	-0.001152778
701	YMR139W	-0.001154083
702	YMR269W	-0.001177967
703	YLL062C	-0.001181536
704	YMR156C	-0.001187424
705	YLR207W	-0.001209960
706	YCL029C	-0.001213011
707	YPL046C	-0.001216631
708	YNL136W	-0.001220054
709	YHR146W	-0.001231523
710	YOR123C	-0.001236954
711	YDR130C	-0.001239444
712	YFL031W	-0.001250225
713	YBR228W	-0.001255750
714	YFL021W	-0.001256704
715	YNR051C	-0.001264470
716	YPR119W	-0.001296105
717	YPL248C	-0.001303117
718	YNL213C	-0.001305356
719	YCL032W	-0.001312883
720	YER142C	-0.001314736
721	YOR315W	-0.001330895
722	YMR042W	-0.001332805
723	YPL199C	-0.001358863
724	YBR258C	-0.001364350
725	YDL200C	-0.001370688
726	YFR053C	-0.001387281
727	YGL216W	-0.001387632
728	YGL244W	-0.001393168
729	YPR068C	-0.001393659
730	YJL187C	-0.001398917
731	YBR083W	-0.001412402
732	YDR463W	-0.001416303
733	YHL024W	-0.001417684
734	YNL204C	-0.001450186
735	YDR043C	-0.001454394
736	YDR143C	-0.001456100
737	YGL192W	-0.001465284
738	YDR217C	-0.001469833
739	YGL021W	-0.001475420
740	YNL027W	-0.001480632
741	YFR014C	-0.001482000
742	YOL042W	-0.001482755
743	YOR179C	-0.001483764
744	YGR133W	-0.001494628
745	YHR154W	-0.001514165
746	YEL012W	-0.001529772
747	YKR099W	-0.001534849
748	YMR167W	-0.001535538
749	YDL013W	-0.001539604
750	YML113W	-0.001556423
751	YFL001W	-0.001564769
752	YBR033W	-0.001575883
753	YJR094C	-0.001584535
754	YNR015W	-0.001586531
755	YLL022C	-0.001591767
756	YDR216W	-0.001601132
757	YNL289W	-0.001601522
758	YIL131C	-0.001608136
759	YDR432W	-0.001608992
760	YNL257C	-0.001612749
761	YGL248W	-0.001635964
762	YNL286W	-0.001639026
763	YMR219W	-0.001660671
764	YAL015C	-0.001676580
765	YLR131C	-0.001697336
766	YPL021W	-0.001734987
767	YOR025W	-0.001735651
768	YNL224C	-0.001739174
769	YER143W	-0.001739771
770	YMR173W	-0.001749595
771	YBR028C	-0.001751354
772	YDR099W	-0.001757096
773	YDR283C	-0.001788972
774	YIR017C	-0.001800892
775	YBR140C	-0.001805416
776	YML051W	-0.001824354
777	YDL149W	-0.001824417
778	YBR105C	-0.001825417
779	YDR004W	-0.001836296
780	YDR123C	-0.001845526
781	YMR030W	-0.001868475
782	YNL072W	-0.001868676
783	YBL006C	-0.001873466
784	YDR383C	-0.001873939
785	YMR180C	-0.001878257
786	YOL017W	-0.001923969
787	YBR066C	-0.001933838
788	YCR091W	-0.001937157
789	YCR065W	-0.001951149
790	YPL177C	-0.001955349
791	YNL155W	-0.001972513
792	YOL117W	-0.001972684
793	YOL043C	-0.001972925
794	YFR034C	-0.001973335
795	YKL113C	-0.002001353
796	YMR044W	-0.002013117
797	YPL216W	-0.002017961
798	YGL227W	-0.002021290
799	YMR129W	-0.002035324
800	YNL098C	-0.002051021
801	YPR057W	-0.002071837
802	YLL010C	-0.002075452
803	YGR134W	-0.002075797
804	YOR337W	-0.002099297
805	YJR050W	-0.002101081
806	YDR466W	-0.002103546
807	YGR108W	-0.002121067
808	YMR201C	-0.002123978
809	YDR315C	-0.002142139
810	YLR032W	-0.002174461
811	YGR247W	-0.002175053
812	YOR279C	-0.002175149
813	YKL017C	-0.002186583
814	YLL039C	-0.002200996
815	YKL116C	-0.002214331
816	YMR280C	-0.002216976
817	YDL230W	-0.002223038
818	YJL065C	-0.002224413
819	YNR031C	-0.002229070
820	YFR032C	-0.002262492
821	YNL053W	-0.002265977
822	YDR191W	-0.002269132
823	YLR182W	-0.002273298
824	YLR231C	-0.002281172
825	YDL175C	-0.002288611
826	YDR370C	-0.002295936
827	YER030W	-0.002300968
828	YFR023W	-0.002328315
829	YDL127W	-0.002347489
830	YKL048C	-0.002349100
831	YKL222C	-0.002350448
832	YGL175C	-0.002352918
833	YOR205C	-0.002355216
834	YJR053W	-0.002360056
835	YLR385C	-0.002364505
836	YER169W	-0.002366298
837	YOR344C	-0.002370977
838	YLR136C	-0.002372635
839	YHL027W	-0.002379298
840	YPR173C	-0.002389277
841	YER049W	-0.002392730
842	YML062C	-0.002401179
843	YHR006W	-0.002405844
844	YML006C	-0.002406682
845	YLR006C	-0.002413397
846	YDR083W	-0.002416936
847	YMR190C	-0.002417409
848	YBL019W	-0.002417980
849	YOL067C	-0.002439498
850	YHL002W	-0.002441435
851	YDR009W	-0.002442612
852	YLR455W	-0.002443284
853	YGL222C	-0.002459817
854	YFL033C	-0.002464277
855	YLR449W	-0.002504650
856	YDR423C	-0.002506553
857	YJL092W	-0.002506741
858	YBR290W	-0.002522381
859	YPL166W	-0.002524174
860	YMR176W	-0.002531231
861	YGL166W	-0.002531592
862	YDR223W	-0.002566203
863	YKL214C	-0.002566946
864	YBR107C	-0.002572896
865	YAL039C	-0.002580418
866	YOL006C	-0.002580517
867	YGL180W	-0.002583699
868	YDR480W	-0.002604861
869	YGL209W	-0.002610382
870	YCR053W	-0.002620579
871	YPL133C	-0.002624247
872	YKL171W	-0.002629671
873	YMR065W	-0.002652955
874	YKR058W	-0.002661094
875	YPR008W	-0.002666576
876	YBR273C	-0.002681321
877	YOR386W	-0.002693809
878	YKR092C	-0.002697287
879	YDR386W	-0.002697785
880	YER161C	-0.002707969
881	YJL095W	-0.002711210
882	YBR280C	-0.002719617
883	YPR184W	-0.002737850
884	YDR097C	-0.002738623
885	YKL062W	-0.002738737
886	YGL243W	-0.002791714
887	YFR038W	-0.002794655
888	YOR339C	-0.002815243
889	YLR389C	-0.002828885
890	YOR208W	-0.002829619
891	YKL043W	-0.002834951
892	YMR255W	-0.002852500
893	YPL186C	-0.002857214
894	YLR016C	-0.002863052
895	YLL040C	-0.002868465
896	YPR120C	-0.002875247
897	YPR093C	-0.002878743
898	YOR001W	-0.002880851
899	YOR042W	-0.002884796
900	YNL186W	-0.002887648
901	YLR098C	-0.002898214
902	YPR054W	-0.002911288
903	YNL128W	-0.002914160
904	YHR134W	-0.002917067
905	YOR338W	-0.002924739
906	YNR032C-A	-0.002930492
907	YOR064C	-0.002941058
908	YDL179W	-0.002948445
909	YHR111W	-0.002982348
910	YPR009W	-0.002984423
911	YOR371C	-0.002987898
912	YPR031W	-0.002999922
913	YNL097C	-0.003020562
914	YDR448W	-0.003042066
915	YDL104C	-0.003043665
916	YBR276C	-0.003057994
917	YLR278C	-0.003093988
918	YOR213C	-0.003094172
919	YLR119W	-0.003108177
920	YIL079C	-0.003115103
921	YKL101W	-0.003159305
922	YFR015C	-0.003213262
923	YDR517W	-0.003235348
924	YPL033C	-0.003297069
925	YKL130C	-0.003306898
926	YER051W	-0.003312471
927	YMR039C	-0.003320695
928	YHR167W	-0.003355242
929	YPL164C	-0.003378962
930	YPL096C-A	-0.003379259
931	YOL090W	-0.003400749
932	YDL090C	-0.003407325
933	YFR046C	-0.003409602
934	YER167W	-0.003422876
935	YLR357W	-0.003424581
936	YOL045W	-0.003432737
937	YDL101C	-0.003458240
938	YBR240C	-0.003459543
939	YKL091C	-0.003464535
940	YBR125C	-0.003479699
941	YPL202C	-0.003510911
942	YPL187W	-0.003512670
943	YMR287C	-0.003527374
944	YHR015W	-0.003546862
945	YDL188C	-0.003547163
946	YGL019W	-0.003565548
947	YIL016W	-0.003578056
948	YIL146C	-0.003582634
949	YMR304W	-0.003591768
950	YLL046C	-0.003604658
951	YPR179C	-0.003637409
952	YNL227C	-0.003660998
953	YDR035W	-0.003667880
954	YCR073C	-0.003672982
955	YLL019C	-0.003680772
956	YOL136C	-0.003715971
957	YDR457W	-0.003725763
958	YLR102C	-0.003731406
959	YOR231W	-0.003737893
960	YKL139W	-0.003771798
961	YDL079C	-0.003774171
962	YHR119W	-0.003785266
963	YDR263C	-0.003789552
964	YDL171C	-0.003789674
965	YML118W	-0.003803169
966	YDL019C	-0.003808253
967	YDR458C	-0.003822439
968	YMR145C	-0.003827635
969	YDR026C	-0.003834021
970	YFR036W	-0.003855620
971	YIL095W	-0.003867196
972	YIL009C-A	-0.003877275
973	YGR276C	-0.003906952
974	YLR174W	-0.003915501
975	YMR263W	-0.003930098
976	YIL130W	-0.003984723
977	YPR196W	-0.004011117
978	YDL080C	-0.004120303
979	YLR133W	-0.004133632
980	YER116C	-0.004147726
981	YHR120W	-0.004152895
982	YML072C	-0.004172424
983	YHR079C	-0.004180843
984	YJL206C	-0.004183249
985	YGL115W	-0.004188675
986	YPL026C	-0.004199514
987	YNL082W	-0.004222876
988	YBR186W	-0.004259284
989	YNL298W	-0.004262622
990	YDR422C	-0.004270988
991	YDR520C	-0.004278172
992	YGR270W	-0.004282898
993	YAL024C	-0.004292702
994	YBR223C	-0.004299408
995	YML068W	-0.004308148
996	YER106W	-0.004313388
997	YML128C	-0.004335816
998	YNL004W	-0.004358405
999	YJL178C	-0.004371854
1000	YPL049C	-0.004393759
1001	YLR210W	-0.004402041
1002	YMR021C	-0.004407492
1003	YBL057C	-0.004413836
1004	YBR188C	-0.004440925
1005	YML100W	-0.004448474
1006	YOL115W	-0.004451769
1007	YHR124W	-0.004477667
1008	YCL055W	-0.004506184
1009	YPL116W	-0.004512731
1010	YMR022W	-0.004513267
1011	YDR101C	-0.004517048
1012	YPL055C	-0.004571987
1013	YJL137C	-0.004599071
1014	YIL112W	-0.004623403
1015	YOL001W	-0.004635533
1016	YDR247W	-0.004648284
1017	YDR440W	-0.004650557
1018	YKR072C	-0.004668002
1019	YMR306W	-0.004680000
1020	YPL194W	-0.004680154
1021	YPR152C	-0.004694620
1022	YNR034W	-0.004730911
1023	YKR019C	-0.004733315
1024	YML109W	-0.004743502
1025	YPL192C	-0.004755074
1026	YML074C	-0.004771836
1027	YNL106C	-0.004780799
1028	YOR290C	-0.004820245
1029	YKR028W	-0.004829801
1030	YDR518W	-0.004846833
1031	YLR059C	-0.004852142
1032	YML034W	-0.004858609
1033	YNL009W	-0.004886872
1034	YIR019C	-0.004905117
1035	YPL167C	-0.004930094
1036	YEL018W	-0.004938200
1037	YHR033W	-0.004975798
1038	YHR157W	-0.004999849
1039	YNL159C	-0.005066600
1040	YPL226W	-0.005129144
1041	YLR221C	-0.005137601
1042	YOR047C	-0.005158521
1043	YML058W	-0.005161226
1044	YML075C	-0.005174875
1045	YCL024W	-0.005214632
1046	YDL214C	-0.005230145
1047	YDR079C-A	-0.005231254
1048	YER100W	-0.005231875
1049	YNR047W	-0.005256303
1050	YLR445W	-0.005267098
1051	YHR082C	-0.005390957
1052	YJL115W	-0.005395278
1053	YLR233C	-0.005402112
1054	YDR277C	-0.005454531
1055	YJL168C	-0.005460794
1056	YGL251C	-0.005480407
1057	YPL180W	-0.005488029
1058	YAL011W	-0.005520743
1059	YPL179W	-0.005521896
1060	YNL223W	-0.005547047
1061	YBR034C	-0.005548065
1062	YCL040W	-0.005561314
1063	YER064C	-0.005564535
1064	YDL155W	-0.005636696
1065	YPR101W	-0.005674554
1066	YDR252W	-0.005682246
1067	YPL157W	-0.005740079
1068	YAR042W	-0.005754561
1069	YMR261C	-0.005817425
1070	YGL194C	-0.005825528
1071	YAL059W	-0.005838582
1072	YMR069W	-0.005862135
1073	YHR004C	-0.005865253
1074	YGL179C	-0.005877288
1075	YOR189W	-0.005881201
1076	YJR059W	-0.005889608
1077	YGL089C	-0.005901001
1078	YOR171C	-0.005913887
1079	YKR017C	-0.005942342
1080	YOL104C	-0.006043716
1081	YPR149W	-0.006054325
1082	YOL054W	-0.006056738
1083	YJL083W	-0.006057500
1084	YNL299W	-0.006098097
1085	YER132C	-0.006114075
1086	YAL055W	-0.006119074
1087	YLR094C	-0.006123625
1088	YER123W	-0.006142296
1089	YDL216C	-0.006155102
1090	YIL113W	-0.006157819
1091	YPL140C	-0.006196282
1092	YOL016C	-0.006213103
1093	YJL098W	-0.006234915
1094	YGR019W	-0.006247604
1095	YER035W	-0.006260002
1096	YHR207C	-0.006288496
1097	YMR216C	-0.006296472
1098	YML061C	-0.006296710
1099	YGL100W	-0.006310669
1100	YOL080C	-0.006312664
1101	YML036W	-0.006322516
1102	YMR191W	-0.006380798
1103	YIL033C	-0.006441050
1104	YBL056W	-0.006499929
1105	YDR156W	-0.006514283
1106	YML058W-A	-0.006527766
1107	YDL036C	-0.006533133
1108	YDR507C	-0.006571131
1109	YJR119C	-0.006587525
1110	YIR005W	-0.006610052
1111	YGR275W	-0.006619512
1112	YKL015W	-0.006667171
1113	YMR291W	-0.006728827
1114	YDR110W	-0.006736339
1115	YFL014W	-0.006737753
1116	YLR219W	-0.006773082
1117	YHR195W	-0.006790711
1118	YER044C-A	-0.006824307
1119	YBR059C	-0.006849311
1120	YJL073W	-0.006944585
1121	YGL181W	-0.006964082
1122	YBR285W	-0.006969453
1123	YKL198C	-0.006976171
1124	YOR107W	-0.007062068
1125	YDR260C	-0.007064979
1126	YLR438W	-0.007072456
1127	YIL008W	-0.007087739
1128	YML011C	-0.007166291
1129	YLR055C	-0.007199382
1130	YLR304C	-0.007218943
1131	YIL107C	-0.007219552
1132	YAL056W	-0.007375344
1133	YMR273C	-0.007380186
1134	YAL027W	-0.007397203
1135	YBL052C	-0.007408222
1136	YDR147W	-0.007489893
1137	YJR073C	-0.007605650
1138	YHR127W	-0.007610956
1139	YBR062C	-0.007656205
1140	YFL028C	-0.007717988
1141	YAL017W	-0.007730032
1142	YGR044C	-0.007757403
1143	YPL123C	-0.007834829
1144	YOR233W	-0.007867995
1145	YKL161C	-0.007878828
1146	YJL124C	-0.007904729
1147	YLR154C	-0.007914946
1148	YDL006W	-0.007978753
1149	YER176W	-0.008025150
1150	YAL054C	-0.008059797
1151	YGL197W	-0.008065670
1152	YJR035W	-0.008072647
1153	YNL330C	-0.008106910
1154	YDR057W	-0.008136256
1155	YNL032W	-0.008233161
1156	YDL076C	-0.008285984
1157	YPL037C	-0.008295519
1158	YLR224W	-0.008557622
1159	YIR002C	-0.008559218
1160	YHR003C	-0.008562130
1161	YLR260W	-0.008608960
1162	YAL019W	-0.008700406
1163	YMR205C	-0.008708037
1164	YBR274W	-0.008770862
1165	YPL015C	-0.008779904
1166	YJL106W	-0.008802410
1167	YER089C	-0.008895507
1168	YBR203W	-0.008910632
1169	YNL020C	-0.009085646
1170	YLL002W	-0.009126981
1171	YLR052W	-0.009134254
1172	YER092W	-0.009170288
1173	YGL237C	-0.009194906
1174	YAR035W	-0.009196313
1175	YPR160W	-0.009237464
1176	YDR334W	-0.009241206
1177	YLR329W	-0.009243473
1178	YDR181C	-0.009245987
1179	YDR219C	-0.009267127
1180	YGR229C	-0.009278125
1181	YMR224C	-0.009289322
1182	YIR025W	-0.009421855
1183	YGR240C	-0.009434568
1184	YCR020W-B	-0.009468436
1185	YML001W	-0.009507770
1186	YNL021W	-0.009513554
1187	YPR040W	-0.009564001
1188	YNL076W	-0.009592485
1189	YER027C	-0.009623782
1190	YGR206W	-0.009653302
1191	YDR523C	-0.009706473
1192	YGR152C	-0.009709123
1193	YKL027W	-0.009768849
1194	YOR197W	-0.009820541
1195	YLR021W	-0.009839937
1196	YDR477W	-0.010082963
1197	YNR004W	-0.010156292
1198	YMR285C	-0.010179489
1199	YML099C	-0.010224841
1200	YMR138W	-0.010308235
1201	YPL236C	-0.010319730
1202	YER164W	-0.010339604
1203	YGL087C	-0.010385079
1204	YOR358W	-0.010418472
1205	YOR360C	-0.010453164
1206	YCL011C	-0.010704462
1207	YLR368W	-0.010732307
1208	YKR001C	-0.010741439
1209	YHL025W	-0.010951211
1210	YPL176C	-0.010980423
1211	YKL034W	-0.011053196
1212	YDR421W	-0.011078573
1213	YOR313C	-0.011126513
1214	YHR178W	-0.011402890
1215	YBR073W	-0.011509387
1216	YLR433C	-0.011569982
1217	YDR074W	-0.011738667
1218	YOR351C	-0.011760506
1219	YMR177W	-0.011786306
1220	YML057W	-0.011995831
1221	YHR031C	-0.012058561
1222	YKR067W	-0.012184968
1223	YGR202C	-0.012213315
1224	YIR026C	-0.012327273
1225	YHR202W	-0.012458819
1226	YNL229C	-0.012502837
1227	YAR018C	-0.012650087
1228	YBR245C	-0.012681805
1229	YLR014C	-0.012823450
1230	YPL086C	-0.012935957
1231	YGL208W	-0.013016723
1232	YLR248W	-0.013125185
1233	YDR291W	-0.013188055
1234	YOR304W	-0.013473437
1235	YMR202W	-0.013548728
1236	YLR120C	-0.013717708
1237	YLR398C	-0.014075681
1238	YPL154C	-0.014437831
1239	YLR451W	-0.014626891
1240	YPR075C	-0.015064745
1241	YNL130C	-0.015243833
1242	YOL113W	-0.015330071
1243	YPL109C	-0.015534176
1244	YGL163C	-0.015976689
1245	YBR001C	-0.016079263
1246	YPL042C	-0.016185600
1247	YGL252C	-0.016573484
1248	YNL323W	-0.016827242
1249	YMR100W	-0.017859607
1250	YPL274W	-0.018574869
1251	YKR093W	-0.018888904
1252	YOL068C	-0.019057411
1253	YDR375C	-0.019410237
1254	YDR490C	-0.020242193
1255	YBR114W	-0.020332969
1256	YHR030C	-0.020344340
1257	YDL138W	-0.020560914
1258	YPR111W	-0.020792471
1259	YKR039W	-0.021170642
1260	YDR001C	-0.021326512
1261	YJL128C	-0.021490190
1262	YGR040W	-0.021909493
1263	YIL035C	-0.022156783
1264	YLR113W	-0.022682802
1265	YLL048C	-0.023145323
1266	YHR135C	-0.023202531
1267	YOR380W	-0.024233529
1268	YNL154C	-0.024431872
1269	YCR008W	-0.024611501
1270	YOR061W	-0.024635072
1271	YOR153W	-0.025234029
1272	YEL013W	-0.025494453
1273	YDL194W	-0.025637941
1274	YNL142W	-0.025890963
1275	YLR253W	-0.028674740
1276	YMR080C	-0.029901027
1277	YDL035C	-0.035434314
1278	YML123C	-0.041121255
1279	YHR032W	-0.042952581
1280	YJL138C	-0.043952581
1281	YNL030W	-0.043952582
1282	YNL031C	-0.043952583
